{"opacity":0.5,"type":"surface","x":[[0,0,0,0,0,0,0,0,0,0,0,0,0,0,0,0],[0.20791169651858482,0.18993678495959557,0.1391200759585628,0.06424824063892484,-0.021732699773336937,-0.10395585875333689,-0.16820410435983182,-0.20336833064125998,-0.2033683230831631,-0.16820411212892597,-0.10395582727120241,-0.02173266362004222,0.06424827521214635,0.13912010297368668,0.18993679974546124,0.20791169651858163],[0.40673665372442463,0.3715724205383314,0.2721599366883891,0.1256885247089597,-0.042515576228846184,-0.20336834739166115,-0.3290568818186544,-0.3978484888711132,-0.39784847408524454,-0.32905689701729596,-0.20336828580331262,-0.04251550550232931,0.12568859234438698,0.27215998953794623,0.37157244946384943,0.4067366537244184],[0.587785266437776,0.5369685574367432,0.3933051015570832,0.18163561682415072,-0.06144031788774898,-0.2938926628865057,-0.4755282937544287,-0.5749407580842549,-0.574940736716828,-0.475528315718364,-0.2938925738836496,-0.061440215679098284,0.18163571456579083,0.39330517793129427,0.5369685992377295,0.587785266437767],[0.7431448410766628,0.6788965904128138,0.4972609452472911,0.22964436045954292,-0.07767982268270143,-0.37157245804750066,-0.6012168362627743,-0.726905355903899,-0.726905328888773,-0.6012168640320741,-0.37157234551998913,-0.07767969345892566,0.229644484035617,0.4972610418082364,0.6788966432623648,0.7431448410766514],[0.8660254183549017,0.7911535830352637,0.5794840983023312,0.26761654303040944,-0.09052434628901802,-0.4330127528888409,-0.7006293166109288,-0.8471006998299969,-0.8471006683478624,-0.7006293489719412,-0.4330126217546664,-0.09052419569781656,0.2676166870400497,0.5794842108298337,0.7911536446236002,0.8660254183548883],[0.9510565271012029,0.8688333657856225,0.6363810141839676,0.29389259785563,-0.09941252135911152,-0.4755283115538147,-0.7694209321327452,-0.9302736762804342,-0.9302736417072116,-0.7694209676711387,-0.47552816754417027,-0.09941235598204284,0.2938927560049238,0.6363811377600354,0.8688334334210385,0.9510565271011884],[0.9945218996327513,0.9085409592204895,0.6654650245085898,0.30732413518916235,-0.10395589197068242,-0.49726100001344115,-0.8045851589644089,-0.9727892268745362,-0.9727891907212414,-0.804585196126985,-0.49726084942223964,-0.10395571903551842,0.30732430056622634,0.6654651537323554,0.9085410299469925,0.9945218996327361],[0.9945218904945822,0.9085409508723566,0.6654650183939613,0.30732413236531314,-0.10395589101548322,-0.49726099544435615,-0.8045851515714744,-0.9727892179360578,-0.9727891817827634,-0.8045851887340502,-0.497260844853156,-0.10395571808032081,0.3073242977423756,0.6654651476177257,0.908541021598859,0.994521890494567],[0.951056536923773,0.8688333747589868,0.6363810207565497,0.29389260089097075,-0.09941252238585013,-0.47552831646510024,-0.7694209400793718,-0.9302736858883577,-0.9302736513151348,-0.7694209756177656,-0.4755281724554543,-0.09941235700877976,0.2938927590402662,0.6363811443326188,0.8688334423944034,0.9510565369237585],[0.8660253746435105,0.7911535431029211,0.5794840690537022,0.26761652952284815,-0.09052434171993146,-0.4330127310331431,-0.7006292812476687,-0.8471006570738038,-0.8471006255916708,-0.7006293136086794,-0.4330125998989752,-0.09052419112873758,0.26761667353248114,0.5794841815811992,0.7911536046912544,0.8660253746434972],[0.7431447825794036,0.6788965369729086,0.49726090610498563,0.22964434238289766,-0.07767981656807012,-0.37157242879886815,-0.6012167889374951,-0.7269052986849444,-0.7269052716698204,-0.6012168167067927,-0.37157231627136544,-0.07767968734430451,0.229644465958962,0.4972610026659233,0.6788965898224555,0.7431447825793922],[0.5877851957112599,0.536968492824856,0.39330505423180784,0.18163559496845763,-0.06144031049481166,-0.2938926275232441,-0.47552823653547227,-0.5749406889032818,-0.5749406675358574,-0.475528258499405,-0.2938925385203987,-0.06144020828617326,0.181635692710086,0.39330513060600975,0.5369685346258374,0.5877851957112509],[0.40673657385973994,0.3715723475783118,0.27215988324848556,0.12568850002941753,-0.04251556788070972,-0.20336830745931478,-0.32905681720676394,-0.3978484107516621,-0.3978483959657964,-0.3290568324054025,-0.20336824587097832,-0.04251549715420673,0.12568856766483152,0.27215993609803235,0.3715723765038242,0.4067365738597337],[0.20791161100620165,0.18993670684014674,0.13912001873961147,0.06424821421414806,-0.021732690834854965,-0.10395581599714099,-0.1682040351788571,-0.20336824699752606,-0.20336823943943233,-0.16820404294794802,-0.10395578451501945,-0.021732654681575123,0.06424824878735534,0.13912004575472425,0.18993672162600636,0.20791161100619845],[-8.742278000372475e-08,-7.986468315241334e-08,-5.849725627889218e-08,-2.701512180918125e-08,9.138172902175334e-09,4.3711394414401724e-08,7.072651831234852e-08,8.551238399320354e-08,8.551238081517243e-08,7.072652157909982e-08,4.371138117678324e-08,9.138157700425827e-09,-2.701513634654105e-08,-5.849726763822055e-08,-7.986468936957911e-08,-8.742278000372341e-08]],